Biblioteca,Biblioteca Alberto Lista,37.398233,-5.991682
Biblioteca,Biblioteca Centro Cívico Blas Infante,37.396997,-5.918904
Biblioteca,Biblioteca Cerro del Aguila,37.3696,-5.962174
Biblioteca,Biblioteca El Esqueleto,37.360838,-5.9658
Biblioteca,Biblioteca Entreparques,37.417181,-5.968591
Biblioteca,Biblioteca Felipe Gonzalez Márquez,37.396657,-6.002446
Biblioteca,Biblioteca Infanta Elena,37.376829,-5.991356
Biblioteca,Biblioteca Julia Uceda,37.405448,-5.989794
Biblioteca,Biblioteca Las Columnas,37.383171,-6.000213
Biblioteca,Biblioteca Los Carteros,37.41116,-5.971563
Biblioteca,Biblioteca Luis Cernuda,37.325848,-5.965745
Biblioteca,Biblioteca Parque Alcosa,37.410306,-5.924347
Biblioteca,Biblioteca San Jerónimo,37.424253,-5.985882
Biblioteca,Biblioteca San Julián,37.399523,-5.983884
Biblioteca,Biblioteca Torreblanca,37.382194,-5.902918
Biblioteca,Servicio Centrales de Bibliotecas,37.396734,-6.002419
Bien de interes cultural,Almacén de Maderas del Rey,37.388107,-6.001759
Bien de interes cultural,Antigua Audiencia Territorial,37.389041,-5.993803
Bien de interes cultural,Antigua Capitanía General,37.394684,-5.996464
Bien de interes cultural,Antiguas Atarazanas Reales,37.384693,-5.995477
Bien de interes cultural,Archivo General de Indias,37.384719,-5.993009
Bien de interes cultural,Archivo Histórico Provincial,37.392587,-5.988868
Bien de interes cultural,Arco de la Plata o de Mañara,37.383796,-5.993323
Bien de interes cultural,Asilo de Nuestra Sra. De la Paz,37.390068,-5.993373
Bien de interes cultural,Baños de la Reina Mora,37.394986,-5.998553
Bien de interes cultural,Biblioteca Pública Infanta Elena,37.377063,-5.991602
Bien de interes cultural,Capilla de Montesión,37.396877,-5.991297
Bien de interes cultural,Capilla de San José,37.390059,-5.994788
Bien de interes cultural,Capilla de Sta. Mª de Jesús,37.382876,-5.993254
Bien de interes cultural,Cartuja de Sta. Mª de las Cuevas,37.398477,-6.007419
Bien de interes cultural,Casa Consistorial,37.388675,-5.994582
Bien de interes cultural,Casa de las Columnas,37.383192,-6.000173
Bien de interes cultural,Casa de las Sirenas,37.399146,-5.994419
Bien de interes cultural,Casa de los Pinelo,37.387689,-5.991144
Bien de interes cultural,Casa de Olea,37.38684,-5.990346
Bien de interes cultural,Casa de Pilatos,37.390311,-5.987061
Bien de interes cultural,Casa del Rey Moro,37.396158,-5.984077
Bien de interes cultural,Casa Duclós,37.38035,-5.967526
Bien de interes cultural,Casa Fabiola,37.387501,-5.989448
Bien de interes cultural,Casa Lastrucci,37.389412,-5.993179
Bien de interes cultural,Casa Luca de Tena,37.359661,-5.982624
Bien de interes cultural,Casa Museo de Murillo,37.385758,-5.989162
Bien de interes cultural,Casa natal de Adolfo Bécquer,37.39684,-5.995913
Bien de interes cultural,Casa Profesa Compañía de Jesús,37.392636,-5.992897
Bien de interes cultural,Casa Real de la Moneda,37.38301,-5.994462
Bien de interes cultural,Castillo de San Jorge,37.385768,-6.003599
Bien de interes cultural,Centro Histórico de Sevilla,37.393005,-5.995531
Bien de interes cultural,Cilla del Cabildo,37.384719,-5.993009
Bien de interes cultural,Colegiata del Divino Salvador,37.390002,-5.992658
Bien de interes cultural,Coliseo España,37.383411,-5.993898
Bien de interes cultural,Comisaría de Policía de La Gavidia,37.39416,-5.99703
Bien de interes cultural,Convento de la Madre de Dios,37.388156,-5.989228
Bien de interes cultural,Convento de la Sma. Trinidad,37.396981,-5.980403
Bien de interes cultural,Convento de las Teresas,37.385827,-5.988614
Bien de interes cultural,Convento de los Capuchinos,37.400938,-5.984488
Bien de interes cultural,Convento de San Leandro,37.390818,-5.987994
Bien de interes cultural,Convento de Santa Clara,37.399979,-5.995825
Bien de interes cultural,Convento de Santa Inés,37.393343,-5.990015
Bien de interes cultural,Convento de Santa Paula,37.396365,-5.985394
Bien de interes cultural,Convento de Santa Rosalía,37.395736,-5.99667
Bien de interes cultural,Convento de Sta. Mª La Real,37.39699,-5.998801
Bien de interes cultural,Convento del Socorro,37.395649,-5.987648
Bien de interes cultural,Corral de la Encarnación,37.382334,-6.002473
Bien de interes cultural,Corral de San José,37.386981,-5.995248
Bien de interes cultural,Corral del Conde,37.39209,-5.986725
Bien de interes cultural,Cortijo El Cuarto,37.325993,-5.974794
Bien de interes cultural,Cuartel del Carmen,37.395859,-6.000134
Bien de interes cultural,Edif. Vvdas. c/ Rodriguez Jurado,37.383926,-5.994051
Bien de interes cultural,Edificio Cabo Persianas,37.390754,-5.997252
Bien de interes cultural,Estación de Autobuses del Prado y Viviendas,37.379016,-5.98462
Bien de interes cultural,Estación de la Plaza de Armas,37.39127,-6.002454
Bien de interes cultural,Exconvento de los Remedios,37.379392,-5.996849
Bien de interes cultural,Fábrica de Vidrio La Trinidad,37.400007,-5.979899
Bien de interes cultural,Hacienda de su Eminencia,37.376323,-5.942262
Bien de interes cultural,Hospital de la Santa Caridad,37.383969,-5.995477
Bien de interes cultural,Hospital de las Cinco Llagas,37.404484,-5.988453
Bien de interes cultural,Hospital de los Venerables,37.385237,-5.990058
Bien de interes cultural,Hospital de San Lázaro,37.414418,-5.982962
Bien de interes cultural,Hotel Triana,37.387447,-6.007998
Bien de interes cultural,Iglesia Catedral de Santa María,37.385794,-5.993074
Bien de interes cultural,Iglesia Convento de los Terceros,37.393832,-5.987463
Bien de interes cultural,Iglesia de la Anunciación,37.392617,-5.992476
Bien de interes cultural,Iglesia de la Magdalena,37.390491,-5.998366
Bien de interes cultural,Iglesia de Omnium Sanctorum,37.39919,-5.991359
Bien de interes cultural,Iglesia de San Andrés,37.394362,-5.993997
Bien de interes cultural,Iglesia de San Bartolomé,37.387607,-5.986503
Bien de interes cultural,Iglesia de San Benito,37.387712,-5.979355
Bien de interes cultural,Iglesia de San Bernardo,37.382455,-5.981836
Bien de interes cultural,Iglesia de San Esteban,37.389869,-5.986147
Bien de interes cultural,Iglesia de San Gil,37.402111,-5.98931
Bien de interes cultural,Iglesia de San Isidoro,37.389463,-5.990806
Bien de interes cultural,Iglesia de San Jacinto,37.383347,-6.005359
Bien de interes cultural,Iglesia de San Luis de los Franceses,37.398378,-5.988162
Bien de interes cultural,Iglesia de San Marcos,37.396301,-5.987391
Bien de interes cultural,Iglesia de San Martín,37.396211,-5.992933
Bien de interes cultural,Iglesia de San Sebastián,37.374837,-5.982834
Bien de interes cultural,Iglesia de Santa Ana de Triana,37.382836,-6.000473
Bien de interes cultural,Iglesia de Santa Catalina,37.393128,-5.988159
Bien de interes cultural,Iglesia de Santa Marina,37.399011,-5.987792
Bien de interes cultural,Iglesia de Sta. Mª de las Nieves,37.382836,-6.000473
Bien de interes cultural,Iglesia del antiguo convento de San Hermenegildo,37.394113,-5.996155
Bien de interes cultural,Instituto Anatómico Forense,37.40697,-5.988804
Bien de interes cultural,Jardín de la Caridad,37.384007,-5.995402
Bien de interes cultural,Jardín de las Delicias,37.371193,-5.989738
Bien de interes cultural,Jardín del Palacio de San Telmo,37.380212,-5.993444
Bien de interes cultural,Jardines de La Buhaira,37.382605,-5.979148
Bien de interes cultural,Jardines de Los Reales Alcázares,37.38304,-5.990199
Bien de interes cultural,Jardines de Murillo,37.383261,-5.987978
Bien de interes cultural,La Buhaira,37.383069,-5.978976
Bien de interes cultural,Lugar de fusilamiento de Blas Infante,37.408811,-5.949724
Bien de interes cultural,Mercado de la Puerta de la Carne,37.385503,-5.98491
Bien de interes cultural,Monasterio de San Jerónimo,37.423911,-5.98653
Bien de interes cultural,Murallas de la Macarena,37.40204,-5.98653
Bien de interes cultural,Murallas de los Jardines del Valle,37.395319,-5.983707
Bien de interes cultural,Museo Arqueológico,37.370894,-5.987082
Bien de interes cultural,Museo de Artes y Costumbres,37.372133,-5.987857
Bien de interes cultural,Museo de Bellas Artes,37.392547,-5.999855
Bien de interes cultural,Noviciado de la Compañía de Jesús,37.398643,-5.988343
Bien de interes cultural,Pabellón de Andalucía. Expo 92,37.406177,-5.998589
Bien de interes cultural,Pabellón de España. Expo 92,37.407741,-6.002269
Bien de interes cultural,Pabellón de Finlandia. Expo 92,37.406655,-6.005799
Bien de interes cultural,Pabellón de Francia. Expo 92,37.40821,-6.003288
Bien de interes cultural,Pabellón de Hungría. Expo 92,37.406412,-6.004747
Bien de interes cultural,Pabellón de la Navegación. Expo 92,37.394335,-6.007859
Bien de interes cultural,Pabellón de México para la Expo 1929,37.369692,-5.98713
Bien de interes cultural,Palacio Arzobispal,37.386532,-5.992004
Bien de interes cultural,Palacio de Altamira,37.386946,-5.987636
Bien de interes cultural,Palacio de la Condesa de Lebrija,37.39213,-5.994028
Bien de interes cultural,Palacio de las Dueñas,37.395374,-5.989603
Bien de interes cultural,Palacio de las Dueñas,37.395042,-5.989255
Bien de interes cultural,Palacio de los Condes de Casa - Galindo,37.39332,-5.999853
Bien de interes cultural,Palacio de los Condes de Sta. Coloma,37.399046,-5.996931
Bien de interes cultural,Palacio de los Ponce de León,37.394188,-5.987184
Bien de interes cultural,Palacio de San Telmo,37.380107,-5.993525
Bien de interes cultural,Palacio del Pumarejo,37.400869,-5.988325
Bien de interes cultural,Palacio Miguel de Mañara,37.38806,-5.986598
Bien de interes cultural,Parque de María Luisa,37.375307,-5.98845
Bien de interes cultural,Patio del antiguo Convento de San Acasio,37.391722,-5.995102
Bien de interes cultural,Plaza de España (Edificio),37.377635,-5.9858
Bien de interes cultural,Plaza de España (Plaza),37.377225,-5.986594
Bien de interes cultural,Plaza de Toros de la Maestranza,37.385975,-5.998385
Bien de interes cultural,Posada del Lucero,37.392823,-5.989162
Bien de interes cultural,Postigo del Aceite,37.385258,-5.994972
Bien de interes cultural,Puente de Isabel II o de Triana,37.38627,-6.002423
Bien de interes cultural,Real Fábrica de Artillería,37.383854,-5.981777
Bien de interes cultural,Real Fábrica de Tabacos,37.380712,-5.990835
Bien de interes cultural,Real Maestranza de Artillería,37.384187,-5.996471
Bien de interes cultural,Real Monastario de San Clemente,37.402706,-5.995549
Bien de interes cultural,Reales Alcázares,37.383836,-5.991223
Bien de interes cultural,Restos del antiguo Convento de San Agustín,37.389612,-5.983708
Bien de interes cultural,Templete de la Cruz del Campo,37.387669,-5.966672
Bien de interes cultural,Templete de San Onofre,37.43453,-5.979349
Bien de interes cultural,Torre de Abdelazis,37.384021,-5.993562
Bien de interes cultural,Torre de la Hacienda de Miraflores,37.417213,-5.961354
Bien de interes cultural,Torre de la Plata,37.383208,-5.995405
Bien de interes cultural,Torre del Oro,37.382401,-5.996316
Bien de interes cultural,Torre Don Fadrique,37.400642,-5.995593
Bien de interes cultural,Viviendas Los Diez Mandamientos,37.371931,-5.972925
Bien de interes cultural,Yacimiento Cortijo de Miraflores,37.416962,-5.961725
Bomberos,Norte - Auxiliar 2,37.422837,-5.966335
Bomberos,Parque Central,37.384674,-5.984432
Bomberos,Poligono Sur,37.36085,-5.959713
Bomberos,San Pablo - Santa Justa - Auxiliar 1,37.392758,-5.947434
Centro Civico,C.C. Bellavista,37.32474,-5.966231
Centro Civico,C.C. Blas Infante,37.396997,-5.918904
Centro Civico,C.C. Cerro del Aguila,37.3696,-5.962174
Centro Civico,C.C. El Cubo,37.409659,-5.990333
Centro Civico,C.C. El Tejar del Mellizo,37.37504899,-6.00513299
Centro Civico,C.C. Entreparques,37.41718,-5.96859099
Centro Civico,C.C. Esqueleto,37.360838,-5.9658
Centro Civico,C.C. Hogar de San Fernando,37.405448,-5.989794
Centro Civico,C.C. La Buhaira,37.382772,-5.97876499
Centro Civico,C.C. La Ranilla,37.385614,-5.961961
Centro Civico,C.C. Las Columnas,37.383171,-6.000213
Centro Civico,C.C. Las Sirenas,37.399146,-5.994399
Centro Civico,C.C. Los Carteros,37.41116,-5.971563
Centro Civico,C.C. Parque Alcosa,37.410174,-5.924372
Centro Civico,C.C. San Jerónimo,37.423553,-5.986454
Centro Civico,C.C. San Julián,37.399523,-5.983884
Centro Civico,C.C. San Pablo,37.393103,-5.964262
Centro Civico,C.C. Su eminencia,37.372564,-5.94509499
Centro Civico,C.C. Torre del Agua,37.369923,-5.97925499
Centro Civico,C.C. Torreblanca,37.382194,-5.90291799
Centro Deportivo,Area de entrenamiento del Real Betis Balompie,37.352002,-5.981841
Centro Deportivo,C.D. Aeropuerto Viejo,37.423054,-5.93339
Centro Deportivo,C.D. Alcosa,37.413749,-5.928315
Centro Deportivo,C.D. Amate,37.379092,-5.94517
Centro Deportivo,C.D. Andalucía Este,37.39026,-5.922178
Centro Deportivo,C.D. Andalucia Sur,37.357204,-5.964578
Centro Deportivo,C.D. Angel Ganivet,37.398843,-5.939814
Centro Deportivo,C.D. Antigua estación de San Bernardo,37.382963,-5.984169
Centro Deportivo,C.D. Antonio Alvarez Gordón Tejares,37.387456,-6.010541
Centro Deportivo,C.D. Antonio Puerta,37.376407,-5.963173
Centro Deportivo,C.D. Arjona,37.390013,-6.004307
Centro Deportivo,C.D. Bami,37.359788,-5.975672
Centro Deportivo,C.D. Begoña,37.407477,-5.97505
Centro Deportivo,C.D. Bellavista,37.322393,-5.972228
Centro Deportivo,C.D. Bellavista II,37.327137,-5.965662
Centro Deportivo,C.D. Bellavista Uralita,37.331897,-5.96504
Centro Deportivo,C.D. Bermejales I,37.34865,-5.983332
Centro Deportivo,C.D. Bermejales II,37.347,-5.981299
Centro Deportivo,C.D. Bollullos,37.368669,-5.941605
Centro Deportivo,C.D. Bordas,37.399952,-5.975275
Centro Deportivo,C.D. Calavera,37.399346,-5.967615
Centro Deportivo,C.D. Charco de la Pava,37.383517,-6.015798
Centro Deportivo,C.D. Cipriano Valera,37.391709,-5.923691
Centro Deportivo,C.D. Club Natación Sevilla,37.400506,-5.934291
Centro Deportivo,C.D. Club Social Minarete,37.400693,-5.937338
Centro Deportivo,C.D. Club Social Minarete,37.401204,-5.938121
Centro Deportivo,C.D. Corvina,37.429219,-5.982624
Centro Deportivo,C.D. Corvina I,37.428437,-5.983456
Centro Deportivo,C.D. El Cerezo,37.409216,-5.983509
Centro Deportivo,C.D. El Paraguas,37.383568,-6.007494
Centro Deportivo,C.D. El Porvenir,37.369134,-5.981219
Centro Deportivo,C.D. El Valle,37.395464,-5.984263
Centro Deportivo,C.D. Elcano II,37.349469,-5.977839
Centro Deportivo,C.D. Entreflores,37.397147,-5.918326
Centro Deportivo,C.D. Hispano Aviación,37.383982,-6.007971
Centro Deportivo,C.D. Hospital Psiquiátrico,37.422117,-5.95577
Centro Deportivo,C.D. Huerta del Perejil,37.414883,-5.969235
Centro Deportivo,C.D. Hytasa,37.370805,-5.963656
Centro Deportivo,C.D. Ifni,37.354211,-5.98293
Centro Deportivo,C.D. José López Soto Los Corrales,37.419539,-5.969642
Centro Deportivo,C.D. Juan Carlos I,37.400335,-5.999506
Centro Deportivo,C.D. La Barzola,37.41095,-5.977963
Centro Deportivo,C.D. La Doctora - Padre Pio,37.374599,-5.941608
Centro Deportivo,C.D. La Fundición,37.401349,-5.99492
Centro Deportivo,C.D. La Música,37.366951,-5.946307
Centro Deportivo,C.D. La Oliva,37.366909,-5.968173
Centro Deportivo,C.D. La Papachina,37.426109,-5.987222
Centro Deportivo,C.D. La Ranilla,37.377711,-5.934559
Centro Deportivo,C.D. La Rosaleda-Romeria,37.384873,-5.948786
Centro Deportivo,C.D. La Unión,37.362926,-5.971702
Centro Deportivo,C.D. Las Almenas,37.415854,-5.965115
Centro Deportivo,C.D. Las Delicias II,37.394897,-5.916417
Centro Deportivo,C.D. Las Golondrinas,37.411989,-5.988396
Centro Deportivo,C.D. Las Huertas,37.398988,-5.964439
Centro Deportivo,C.D. Los Arcos,37.408005,-5.967462
Centro Deportivo,C.D. Los Caños-Torreblanca,37.380742,-5.909137
Centro Deportivo,C.D. Los Mares Piscina Manolo Serrano Chan,37.417814,-5.96784
Centro Deportivo,C.D. Macarena Tres Huertas,37.409812,-5.990092
Centro Deportivo,C.D. Mar del Plata,37.376594,-6.007687
Centro Deportivo,C.D. Mendigorria,37.400386,-5.997216
Centro Deportivo,C.D. Ontur,37.411073,-5.92339
Centro Deportivo,C.D. Parque Amate,37.379075,-5.948882
Centro Deportivo,C.D. Parque de las Estrellas,37.423054,-5.973344
Centro Deportivo,C.D. Parque de los Príncipes,37.372903,-6.005659
Centro Deportivo,C.D. Parque Norte,37.417158,-5.977678
Centro Deportivo,C.D. Parque San Antonio,37.378325,-5.921899
Centro Deportivo,C.D. Pino Montano,37.421256,-5.959536
Centro Deportivo,C.D. Polígono Sur,37.363395,-5.963699
Centro Deportivo,C.D. Rochelambert,37.373389,-5.950352
Centro Deportivo,C.D. San Antonio Drago,37.381377,-5.899873
Centro Deportivo,C.D. San Diego,37.41233,-5.968065
Centro Deportivo,C.D. San Francisco Javier,37.401,-5.956929
Centro Deportivo,C.D. San Francisco Javier,37.397424,-5.956473
Centro Deportivo,C.D. San Jerónimo Norte,37.435953,-5.977013
Centro Deportivo,C.D. San Jerónimo Parque,37.426684,-5.98837
Centro Deportivo,C.D. San Jerónimo Puente,37.424077,-5.981723
Centro Deportivo,C.D. San Luis,37.397697,-5.988289
Centro Deportivo,C.D. San Pablo,37.397181,-5.963516
Centro Deportivo,C.D. San Pablo Futbol,37.396576,-5.960952
Centro Deportivo,C.D. Santa Clara,37.400557,-5.951929
Centro Deportivo,C.D. Santa Justa (SatoSport),37.392229,-5.978462
Centro Deportivo,C.D. Santa Justa Futbol,37.392834,-5.977925
Centro Deportivo,C.D. Sendai,37.406787,-5.917972
Centro Deportivo,C.D. Sevilla 1,37.38593,-5.960791
Centro Deportivo,C.D. Sevilla 3000,37.358159,-5.9702
Centro Deportivo,C.D. Sevilla Este,37.39124,-5.913112
Centro Deportivo,C.D. Tartessos,37.398647,-5.970887
Centro Deportivo,C.D. Telecabina,37.394475,-6.004066
Centro Deportivo,C.D. Tenis Betis,37.374761,-5.979609
Centro Deportivo,C.D. Tigris,37.410187,-5.937885
Centro Deportivo,C.D. Tigris I,37.409275,-5.938121
Centro Deportivo,C.D. Tiro de Línea,37.369492,-5.973934
Centro Deportivo,C.D. Tiro de Línea II,37.364367,-5.975801
Centro Deportivo,C.D. Torre de los Perdigones,37.404878,-5.992388
Centro Deportivo,C.D. Torreblanca,37.381761,-5.910805
Centro Deportivo,C.D. Torreblanca Canal Mari,37.387626,-5.90866
Centro Deportivo,C.D. Valdezorras,37.43117,-5.928449
Centro Deportivo,C.D. Virgen de los Reyes,37.405594,-5.985897
Centro Deportivo,C.D. y Socio-Cultural nueva Heliopolis,37.403744,-5.924871
Centro Deportivo,C.D. Zodiaco,37.400199,-5.969868
Centro Deportivo,C.E.A.R. de Remo y Piragüismo La Cartuja,37.411644,-5.993042
Centro Deportivo,C.T. de Tenis Blas Infante Fed. And. de Tenis,37.396099,-5.931104
Centro Deportivo,Cartuja Sport,37.410639,-5.999565
Centro Deportivo,CDU Los Bermejales (Univ. Sevilla),37.348599,-5.987399
Centro Deportivo,Círculo Mercantil e Industrial Sevilla,37.371504,-5.994061
Centro Deportivo,Ciudad Deportiva del Sevilla F.C.,37.352915,-5.947638
Centro Deportivo,Club Antares,37.367505,-5.980521
Centro Deportivo,Club Natación Sevilla,37.388649,-6.001377
Centro Deportivo,Club Naútico,37.370038,-5.99448
Centro Deportivo,Club Santa Clara,37.397556,-5.953259
Centro Deportivo,Club Social Deportivo Andalucia Occidental,37.397309,-5.940675
Centro Deportivo,Club Social Deportivo Ciudad Verde,37.399336,-5.927915
Centro Deportivo,Club Social Deportivo Los Delfines,37.389356,-5.91514
Centro Deportivo,Club Social Deportivo Los Milanos,37.404324,-5.941597
Centro Deportivo,Club Social Deportivo Odisea,37.393661,-5.92604
Centro Deportivo,Club Social Deportivo Paraiso,37.391044,-5.9147
Centro Deportivo,Club Social Deportivo Parque Verde,37.39612,-5.927854
Centro Deportivo,Estadio Benito Villamarin,37.356479,-5.981627
Centro Deportivo,Estadio Olímpico,37.416817,-6.004565
Centro Deportivo,Estadio Ramón Sánchez Pizjuan,37.384037,-5.970683
Centro Deportivo,Los Principes,37.412239,-5.980021
Centro Deportivo,O2 Centro Wellness Piscina Sevilla,37.375802,-5.96651
Centro Deportivo,Oriente Kansas City,37.388184,-5.973435
Centro Deportivo,Pabellón Ramón y Cajal (Univ. Sevilla),37.378123,-5.976506
Centro Deportivo,Pabellón Reina Mercedes (Univ. Sevilla),37.363214,-5.98701
Centro Deportivo,Plaza Norte de Chapina,37.391215,-6.005348
Centro Deportivo,Real Círculo de Labradores de Sevilla,37.378747,-5.996068
Centro Deportivo,Real Club Pineda de Sevilla,37.349247,-5.966971
Centro de salud,Alamillo,37.412848,-5.985111
Centro de salud,Alcosa Mercedes Navarro,37.412918,-5.927918
Centro de salud,Amante Laffón,37.380892,-6.009808
Centro de salud,Amate,37.376657,-5.952793
Centro de salud,Bellavista,37.325699,-5.96464
Centro de salud,C.P.E. Doctor Fleming de Sevilla,37.37844,-5.967403
Centro de salud,C.P.E. Esperanza Macarena de Sevilla,37.394346,-5.983119
Centro de salud,C.P.E. San Jerónimo de Sevilla,37.431127,-5.98065
Centro de salud,C.P.E. Virgen de los Reyes de Sevilla,37.390589,-6.00105
Centro de salud,Centro de Diagnóstico y Trat. Virgen del Rocío,37.361737,-5.980613
Centro de salud,Cerro del Águila,37.367471,-5.952975
Centro de salud,Cisneo Alto-Las Naciones,37.40391,-5.971311
Centro de salud,Consultorio auxiliar: Aeropuerto Viejo,37.42164,-5.935585
Centro de salud,Consultorio: Palmete,37.374596,-5.930215
Centro de salud,Consultorio: Valdezorras,37.430254,-5.925602
Centro de salud,El Cachorro,37.389504,-6.010574
Centro de salud,El Greco,37.390124,-5.967514
Centro de salud,El Juncal,37.370155,-5.968854
Centro de salud,El Porvenir,37.372513,-5.98136
Centro de salud,Esperanza Macarena,37.39439,-5.983009
Centro de salud,Gonzalo de Bilbao,37.391895,-5.980874
Centro de salud,Hospital Virgen de Valme,37.318835,-5.969911
Centro de salud,Hospital Virgen del Rocío,37.361475,-5.981393
Centro de salud,Hospital Virgen Macarena,37.406731,-5.986728
Centro de salud,Huerta del Rey,37.382775,-5.974728
Centro de salud,La Campana,37.393108,-5.994818
Centro de salud,La Candelaria,37.379525,-5.956398
Centro de salud,La Plata,37.372451,-5.945665
Centro de salud,Las Letanías 'Dra. Inmaculada Vieira',37.365576,-5.9655
Centro de salud,Las Palmeritas,37.377993,-5.968221
Centro de salud,Los Bermejales,37.345895,-5.972292
Centro de salud,Mallén,37.387819,-5.973829
Centro de salud,María Fuensanta Pérez Quirós,37.400371,-5.926547
Centro de salud,Marqués de Paradas,37.390676,-6.001071
Centro de salud,Pino Montano A,37.420383,-5.964261
Centro de salud,Pino Montano B,37.419514,-5.968893
Centro de salud,Policlínico Virgen Macarena,37.405664,-5.987313
Centro de salud,Polígono Norte,37.410148,-5.975341
Centro de salud,Polígono Sur,37.359905,-5.970644
Centro de salud,Puerta Este Dr. Pedro Vallina,37.401432,-5.939076
Centro de salud,Ronda Histórica,37.398686,-5.979009
Centro de salud,San Jerónimo,37.431127,-5.980597
Centro de salud,San Luis,37.397426,-5.987995
Centro de salud,San Pablo,37.394384,-5.961159
Centro de salud,Torreblanca,37.384708,-5.90283
Centro de salud,Virgen de África,37.376726,-6.003327
Edificio,Agencia Local de la Energía,37.39758,-6.005756
Edificio,Agencia Tributaria de Sevilla,37.389175,-5.975146
Edificio,Area de Hacienda y Administración Pública,37.388903,-5.994649
Edificio,Ayuntamiento,37.388653,-5.994603
Edificio,Centro de Servicios Sociales Casco Antigüo,37.399274,-5.990922
Edificio,Comisión E. de Sugerencias y Reclamaciones,37.381699,-5.984982
Edificio,Consorcio de Turismo,37.389231,-5.99437
Edificio,Consumo (OMIC),37.38169,-5.984543
Edificio,Contratación,37.388394,-5.991567
Edificio,Cooperación al Desarrollo,37.4044,-5.985563
Edificio,Delegación Bienestar Social,37.404391,-5.985494
Edificio,Deportes,37.416225,-6.00575
Edificio,Dir. Gral. de Administración Pública e Innovación,37.389149,-5.994342
Edificio,Dir. Gral. de Empleo y Economía,37.371892,-5.986519
Edificio,Dir. Gral. de Hacienda y Gestión Presupuestaria,37.392167,-5.991728
Edificio,Dir. Gral. de Recursos Humanos,37.392086,-5.991671
Edificio,Educación,37.384132,-6.007468
Edificio,EMASESA,37.393433,-5.986586
Edificio,EMVISESA,37.388982,-5.996731
Edificio,Estadística,37.383056,-5.99485
Edificio,Fiestas Mayores,37.382618,-5.9948
Edificio,Instituto de la Cultura y las Artes  (ICAS),37.392583,-5.996839
Edificio,Juventud,37.384133,-6.007639
Edificio,Laboratorio Municipal,37.39555,-5.982471
Edificio,LIPASAM,37.371893,-6.004169
Edificio,Mercasevilla,37.387375,-5.93597
Edificio,Oficina de Información Turística Costurero Reina,37.37596,-5.991614
Edificio,Oficina de Información Turística Macarena,37.402668,-5.989507
Edificio,Oficina de Información Turística Pza. S. Francisco,37.38917,-5.994276
Edificio,Oficina de Planificación Estratégica y Desarrollo E.,37.389241,-5.994277
Edificio,Oficina de Promoción Exterior de Sevilla (APPES),37.383842,-5.992755
Edificio,Parques y Jardines,37.36959,-5.98921
Edificio,Participación Ciudadana y Coord. de Distritos,37.399532,-5.990875
Edificio,Patrimonio,37.388412,-5.991738
Edificio,Portal del Empleado y formación,37.392542,-5.987892
Edificio,Promocion y Formación Empresarial,37.383281,-5.995388
Edificio,Protección Ambiental (Medio Ambiente),37.379007,-5.991578
Edificio,Registro General,37.388385,-5.99158
Edificio,Relaciones Institucionales,37.388459,-5.994563
Edificio,Salud,37.381711,-5.984775
Edificio,Sede Distrito Bellavista-La Palmera,37.326715,-5.965941
Edificio,Sede Distrito Casco Antiguo,37.401605,-5.994548
Edificio,Sede Distrito Cerro-Amate,37.379858,-5.954499
Edificio,Sede Distrito Este,37.402213,-5.93705
Edificio,Sede Distrito Los Remedios,37.377707,-6.001908
Edificio,Sede Distrito Macarena,37.405942,-5.98138
Edificio,Sede Distrito Macarena Norte,37.417209,-5.968763
Edificio,Sede Distrito Nervion,37.385079,-5.965689
Edificio,Sede Distrito San Pablo-Santa Justa,37.394191,-5.961515
Edificio,Sede Distrito Sur,37.370848,-5.979788
Edificio,Sede Distrito Triana,37.384279,-6.004114
Edificio,Seguridad y Movilidad,37.38561,-5.959986
Edificio,Servicio de Cementerio,37.415841,-5.982201
Edificio,Servicio de Edificios Municipales,37.364796,-5.98561
Edificio,Servicio de Informática y Metodología,37.387157,-5.999506
Edificio,Servicio de la Mujer,37.381816,-5.98497
Edificio,Servicio de Prevención de Riesgos laborales,37.381769,-5.984802
Edificio,Servicio de Salud,37.381737,-5.984679
Edificio,Servicio Gobierno Interior,37.389153,-5.996359
Edificio,Tribunal Económico Administrativo,37.38181,-5.984923
Edificio,TUSSAM,37.38763,-5.948016
Edificio,Urbanismo,37.39719,-6.010884
Mercado municipal,Mercado de Abastos Bellavista,37.321237,-5.967939
Mercado municipal,Mercado de Abastos Cerro del Aguila,37.371613,-5.95906
Mercado municipal,Mercado de Abastos de la Candelaria,37.38438,-5.955726
Mercado municipal,Mercado de Abastos de Nervión,37.381506,-5.963603
Mercado municipal,Mercado de Abastos de San Jerónimo,37.425709,-5.984779
Mercado municipal,Mercado de Abastos del Arenal,37.387264,-6.000112
Mercado municipal,Mercado de Abastos El Porvenir,37.374526,-5.982379
Mercado municipal,Mercado de Abastos Heliópolis,37.353958,-5.987843
Mercado municipal,Mercado de Abastos La Feria,37.399459,-5.991618
Mercado municipal,Mercado de Abastos Las Palmeritas,37.377809,-5.967502
Mercado municipal,Mercado de Abastos Los Remedios,37.375076,-6.001523
Mercado municipal,Mercado de Abastos Parque Alcosa,37.41243,-5.924432
Mercado municipal,Mercado de Abastos Pino Montano,37.422744,-5.964144
Mercado municipal,Mercado de Abastos Plaza de la Encarnación,37.393027,-5.991867
Mercado municipal,Mercado de Abastos Puerta de La Carne,37.38542,-5.984977
Mercado municipal,Mercado de Abastos San Gonzalo,37.380573,-6.009841
Mercado municipal,Mercado de Abastos Sevilla Este,37.402329,-5.920166
Mercado municipal,Mercado de Abastos Tiro de Línea,37.370401,-5.974112
Mercado municipal,Mercado de Abastos Triana,37.385417,-6.003368
Museo,Museo Arqueológico de Sevilla,37.370965,-5.987133
Museo,Museo Casa de Murillo,37.385693,-5.988946
Museo,Museo de Artes y Costumbres Populares,37.372076,-5.987839
Museo,Museo de Baile Flamenco,37.389135,-5.99116
Museo,Museo de Bellas Artes,37.392623,-5.999737
Museo,Museo de Carruajes,37.379431,-5.996786
Museo,Museo de la Ciudad/Convento Sta. Clara/Torre D. Fadrique,37.400236,-5.996373
Museo,Museo de la Congregación de Terciarias Franciscanas,37.394413,-5.992611
Museo,Museo de la Reales Atarazanas,37.384523,-5.995907
Museo,Museo de Muñecas y Juguetes Antigüos,37.396176,-5.989715
Museo,Museo Militar Regional,37.378248,-5.986618
Museo,Museo Palacio de Lebrija,37.392299,-5.99356
Museo,Museo Taurino y Pza. Toros Real Maestranza,37.385866,-5.999038
Museo,Museo Tesoro de la Macarena y Basílica,37.402728,-5.989589
Museo,Museo Tesoro del Templo Gran Poder,37.397254,-5.996654
Museo,Torre del Oro / Museo Naval,37.382402,-5.996317
Policia,Delegación Movilidad,37.407131,-6.007875
Policia,Distrito  Policía Local Macarena,37.405002,-5.981741
Policia,Distrito Policía Local Casco Antiguo,37.401598,-5.994492
Policia,Distrito Policía Local San Pablo,37.394276,-5.961474
Policia,Distrito Policía Local Sevilla Este,37.398316,-5.926317
Policia,Distrito Policía Local Sur,37.372938,-5.972916
Policia,Distrito Policía Local Triana - Los Remedios,37.375749,-6.005121
Sevici,(1) Glorieta Olimpica,37.412983,-5.988933
Sevici,(10) Calle José Diaz,37.409096,-5.990961
Sevici,(100) Paseo Catalina Ribera,37.381561,-5.989214
Sevici,(101) Prado de San Sebastian,37.381298,-5.986873
Sevici,(102) Calle Juan de Mata Carriazo,37.38274,-5.983716
Sevici,(103) Avenida Eduardo Dato,37.384309,-5.98252
Sevici,(104) Avenida Eduardo Dato,37.384171,-5.979757
Sevici,(105) Calle Francisco Murillo,37.358913,-5.980601
Sevici,(106) Avenida Eduardo Dato,37.383743,-5.977473
Sevici,(107) Calle Luis Morales,37.384254,-5.972663
Sevici,(108) Avenida Eduardo Dato,37.382832,-5.973557
Sevici,(109) Avenida San Francisco Javier,37.379898,-5.974588
Sevici,(11) Calle Avicena,37.405846,-5.993214
Sevici,(110) Plaza Maria Mercedes Borbón,37.380184,-5.982969
Sevici,(111) Plaza Farmacéutico Murillo Herrera,37.381264,-6.001008
Sevici,(112) Avenida J.Mª Martínez Sánchez Arjona,37.380127,-6.004353
Sevici,(113) Plaza San Martín de Porres,37.380783,-6.009214
Sevici,(114) Glorieta Plus Ultra,37.356327,-5.979288
Sevici,(115) Calle López de Gomara,37.377857,-6.007161
Sevici,(116) Calle Manuel Siurot,37.361404,-5.981547
Sevici,(117) Avenida J.Mª Martínez Sánchez Arjona,37.377785,-6.002577
Sevici,(118) Plaza de Cuba,37.380146,-5.997122
Sevici,(119) Avenida de Chile,37.377426,-5.991934
Sevici,(12) Plaza Duquesa de Alba,37.403854,-5.99493
Sevici,(120) Glorieta San Diego,37.378845,-5.989949
Sevici,(121) Calle Doctor Pedro de Castro,37.377132,-5.981853
Sevici,(122) Calle Enramadilla,37.378597,-5.978425
Sevici,(123) Estadio Olimpico,37.415623,-6.006378
Sevici,(124) Calle Enramadilla,37.377636,-5.97733
Sevici,(125) Avenida San Francisco Javier,37.377434,-5.974926
Sevici,(126) Avenida Reina Mercedes,37.358261,-5.986459
Sevici,(127) Calle Virgen de la Victoria,37.377636,-5.997794
Sevici,(128) Calle Virgen de Loreto,37.37572308,-5.9991726
Sevici,(129) Calle Virgen de Lujan,37.37471887,-6.00238322
Sevici,(13) Calle Feria,37.403156,-5.991856
Sevici,(130) Glorieta Republica Dominicana,37.375725,-6.005651
Sevici,(131) Calle Tabladilla,37.364746,-5.981396
Sevici,(132) Calle Paez de Ribera,37.36367,-5.984777
Sevici,(133) Avenida Santa Fe,37.374001,-6.004259
Sevici,(134) Calle Virgen de Luján,37.374783,-5.998519
Sevici,(135) Calle Virgen de Luján,37.374657,-5.994916
Sevici,(136) Calle Asunción,37.373226,-5.99763
Sevici,(137) Avenida de la Borbolla,37.373745,-5.985478
Sevici,(138) Calle Ramón Carande,37.375852,-5.978978
Sevici,(139) Avenida Diego Martinez Barrio,37.37516,-5.975825
Sevici,(14) Avenida Sánchez Pizjuan,37.406918,-5.989079
Sevici,(140) Calle Felipe II,37.372375,-5.977351
Sevici,(141) Calle Felipe II,37.371716,-5.9819
Sevici,(142) Calle Ramon de Carranza,37.371639,-5.997197
Sevici,(143) Calle Ramon de Carranza,37.371628,-6.003318
Sevici,(144) Avenida de la Palmera,37.369106,-5.988002
Sevici,(145) Avenida Reina Mercedes,37.360226,-5.986358
Sevici,(146) Avenida Reina Mercedes,37.360119,-5.986358
Sevici,(147) Carretera de Carmona,37.400829,-5.975233
Sevici,(148) Calle Tharsis,37.398758,-5.97321
Sevici,(149) Calle Arroyo,37.397854,-5.975711
Sevici,(15) Calle Dr Marañon,37.407227,-5.985341
Sevici,(150) Calle San Juan Bosco,37.396782,-5.978621
Sevici,(151) Calle Urquiza,37.394619,-5.979927
Sevici,(152) Calle Samaniego,37.395821,-5.974481
Sevici,(153) Avenida Reina Mercedes,37.362988,-5.986259
Sevici,(154) Avenida Kansas City,37.394875,-5.968394
Sevici,(155) Avenida Kansas City,37.392906,-5.970766
Sevici,(156) Avenida Kansas City,37.391483,-5.972649
Sevici,(157) Avenida Cardenal Bueno Monreal,37.369778,-5.978165
Sevici,(158) Avenida Cardenal Bueno Monreal,37.368866,-5.981573
Sevici,(159) Avenida Cardenal Bueno Monreal,37.368046,-5.984859
Sevici,(16) Calle Manuel Villalobos,37.407028,-5.982795
Sevici,(160) Calle Arjona,37.387516,-6.001927
Sevici,(161) Avenida Alcalde Manuel del Valle,37.399986,-5.969145
Sevici,(162) Avenida Solea,37.391525,-5.968482
Sevici,(163) Calle Sinaí,37.389927,-5.970793
Sevici,(164) Calle Luis Montoto,37.387638,-5.965657
Sevici,(165) Avenida de Andalucia,37.387638,-5.961011
Sevici,(166) Ronda del Tamarguillo,37.388538,-5.959222
Sevici,(167) Glorieta Bizco Amate,37.373352,-5.964932
Sevici,(168) Avenida Ramón y Cajal,37.375114,-5.967674
Sevici,(169) Avenida Ramón y Cajal,37.376698,-5.97307
Sevici,(17) Calle de Madreselva,37.407173,-5.978907
Sevici,(170) Plaza Antonio Aparicio Herrero,37.37899,-5.968885
Sevici,(171) Calle Alfonso Lasso de la Vega,37.366135,-5.974922
Sevici,(172) Ronda Tamarguillo,37.36713,-5.971252
Sevici,(173) Ronda Tamarguillo,37.370045,-5.968101
Sevici,(174) Ronda Tamarguillo,37.380611,-5.960573
Sevici,(175) Ronda Tamarguillo,37.377731,-5.960825
Sevici,(176) Avenida de la Ciudad Jardín,37.37756,-5.966566
Sevici,(177) Avenida Alcalde Juan Fernández,37.373112,-5.969032
Sevici,(178) Calle José Saramago,37.373211,-5.973895
Sevici,(179) Ronda Urbana Norte,37.413208,-5.98514
Sevici,(18) Avenida Eduardo Dato,37.382,-5.96814
Sevici,(180) Calle Doctor Jaime Marcos,37.409676,-5.984358
Sevici,(181) Ronda Urbana Norte,37.413418,-5.982516
Sevici,(182) Calle Victoria Kent,37.414639,-5.97387
Sevici,(183) Alcalde Manuel del Valle,37.410767,-5.971348
Sevici,(184) Avenida Alcalde Manuel del Valle,37.408543,-5.970511
Sevici,(185) Avenida Alcalde Manuel del Valle,37.405136,-5.968862
Sevici,(186) Calle Orfebre Dominguez Vázquez,37.408657,-5.97309
Sevici,(187) Calle Doctor Laffon,37.395451,-5.964004
Sevici,(188) Avenida Hytasa,37.372593,-5.963385
Sevici,(189) Avenida Hytasa,37.370079,-5.959466
Sevici,(19) Parlamento,37.40324,-5.988962
Sevici,(190) Avenida Hytasa,37.368774,-5.957272
Sevici,(191) Glorieta Carlos Cano,37.37838,-6.008913
Sevici,(192) Avenida de Alvar Nuñez,37.378338,-6.011536
Sevici,(193) Avenida de Coria,37.38113,-6.011977
Sevici,(194) Calle Parque de Doñana,37.418633,-5.973251
Sevici,(195) Calle Corral del Agua,37.421741,-5.971645
Sevici,(196) Calle Estrella Canopus,37.424683,-5.970094
Sevici,(197) Calle Agricultores,37.423416,-5.966408
Sevici,(198) Calle Mar de Alborán,37.420444,-5.967942
Sevici,(199) Calle Mar de Alborán,37.417839,-5.969311
Sevici,(2) Gran Plaza,37.381664,-5.965183
Sevici,(20) Calle San Juan de Ribera,37.404736,-5.986699
Sevici,(200) Calle Camino de Los Toros,37.418919,-5.963193
Sevici,(201) Calle Pino Montano,37.415722,-5.967817
Sevici,(202) Avenida Mujer Trabajadora,37.411491,-5.966746
Sevici,(203) Calle Tesalónica,37.396206,-5.958765
Sevici,(204) Calle Doctor Laffon,37.397659,-5.961647
Sevici,(205) Avenida Kansas City,37.400173,-5.961821
Sevici,(206) Avenida Kansas City,37.402988,-5.9582
Sevici,(207) Calle Ifni,37.355045,-5.982391
Sevici,(208) Avenida de Grecia,37.350651,-5.984197
Sevici,(209) Avenida Alemania,37.345284,-5.982614
Sevici,(21) Calle Manuel Villalobos,37.405506,-5.981498
Sevici,(210) Paseo de Europa,37.348045,-5.980027
Sevici,(211) Avenida de Alemania,37.346104,-5.97609
Sevici,(212) Avenida Reino Unido,37.351608,-5.977771
Sevici,(213) Avenida de Andalucia,37.387173,-5.948397
Sevici,(214) Avenida de Andalucia,37.38718,-5.948491
Sevici,(215) Calle Zorzal,37.386658,-5.954
Sevici,(216) Calle Antioquia,37.399948,-5.956273
Sevici,(217) Calle de la A.D.A.,37.393906,-5.962387
Sevici,(218) Plaza del Altozano,37.385116,-6.003605
Sevici,(219) Calle de la A.D.A.,37.390614,-5.959053
Sevici,(22) Avenida de Llanes,37.405144,-5.974867
Sevici,(220) Avenida Alcalde Luis Uruñuela,37.405083,-5.935817
Sevici,(221) Avenida Alcalde Luis Uruñuela,37.405602,-5.930538
Sevici,(222) Avenida Alcalde Luis Uruñuela,37.404102,-5.934514
Sevici,(223) Calle Gema,37.400715,-5.926361
Sevici,(224) Avenida de las Ciencias,37.397022,-5.92377
Sevici,(225) Calle Flor De Retama,37.397411,-5.918765
Sevici,(226) Avenida Doctor Emilio Lemos,37.402863,-5.921768
Sevici,(227) Avenida Alcalde Luis Uruñuela,37.390759,-5.91965
Sevici,(228) Avenida de las Ciencias,37.39447,-5.921188
Sevici,(229) Avenida Aeronautica,37.387363,-5.919905
Sevici,(23) Parlamento,37.403358,-5.987928
Sevici,(230) Avenida de las Ciencias,37.403938,-5.928131
Sevici,(231) Avenida Alcalde Luis Uruñuela,37.401669,-5.942148
Sevici,(232) Avenida Alcalde Luis Uruñuela,37.403976,-5.939756
Sevici,(233) Avenida Alcalde Luis Uruñuela,37.404206,-5.937008
Sevici,(234) Calle Médicos Sin Frontera,37.399971,-5.925187
Sevici,(235) Calle Ciudad de Chiva,37.411701,-5.929849
Sevici,(236) Ciudad de Chiva,37.410217,-5.926472
Sevici,(237) Ciudad de Chiva,37.409332,-5.923247
Sevici,(238) Calle Ciudad de Chiva,37.408146,-5.920001
Sevici,(239) Calle Ciudad de Liria,37.408657,-5.927765
Sevici,(24) Calle León XIII,37.404034,-5.984668
Sevici,(240) Avenida Alcalde Luis Uruñuela,37.402603,-5.94051
Sevici,(241) Plaza Nueva,37.388844,-5.996077
Sevici,(242) Plaza Nueva,37.388882,-5.996081
Sevici,(243) Glorieta del Primero de Mayo,37.380432,-5.953475
Sevici,(244) Avenida Juan XXIII,37.378025,-5.951685
Sevici,(245) Calle de los Gavilanes,37.375389,-5.952626
Sevici,(246) Puerto de los Azores,37.376152,-5.955172
Sevici,(247) Calle Enramadilla,37.37804775,-5.97967834
Sevici,(248) Glorieta de los Ferroviarios,37.422062,-5.982863
Sevici,(249) Calle Navarra,37.424799,-5.984816
Sevici,(25) Avenida de la Cruz Roja,37.403145,-5.981085
Sevici,(250) Calle de Salvador Allende,37.42191,-5.985423
Sevici,(251) Avenida Cruzcampo,37.385783,-5.96515
Sevici,(252) Carretera de Bellavista,37.324607,-5.968985
Sevici,(253) Carretera de Bellavista,37.319697,-5.969165
Sevici,(254) Carretera de Bellavista,37.328766,-5.967814
Sevici,(255) Calle Pero Mingo,37.385974,-5.914097
Sevici,(256) Plaza Miguel Montoro,37.385987,-5.910274
Sevici,(257) Plaza Torres de Albarracín,37.38421,-5.909692
Sevici,(258) Calle Estaca de Vares,37.383797,-5.914633
Sevici,(259) Calle 8 de Marzo,37.367181,-5.954483
Sevici,(26) Avenida de Miraflores,37.402542,-5.977635
Sevici,(260) Avenida de la Revoltosa,37.378641,-5.948474
Sevici,(27) Avenida de Llanes,37.403881,-5.972099
Sevici,(28) Calle Rafael Salgado,37.360332,-5.976723
Sevici,(29) Carretera de Carmona,37.402534,-5.970082
Sevici,(3) Puerta de la Barqueta,37.40564,-5.998514
Sevici,(30) Avenida Eduardo Dato,37.382519,-5.970812
Sevici,(31) Avenida de Miraflores,37.400414,-5.979831
Sevici,(32) Calle Muñoz León,37.402061,-5.986304
Sevici,(33) Calle León XIII,37.401531,-5.983708
Sevici,(34) Plaza Pumarejo,37.400932,-5.988557
Sevici,(35) Alameda de Hercules,37.400818,-5.993774
Sevici,(36) Calle San Vicente,37.400543,-5.998318
Sevici,(37) Alameda de Hércules,37.398609,-5.99357
Sevici,(38) Calle del Inca Garcilaso,37.392025,-6.011066
Sevici,(39) Avenida de Torneo,37.397881,-5.998519
Sevici,(4) Calle Leonardo Da Vinci,37.410126,-6.005659
Sevici,(40) Avenida Reina Mercedes,37.356396,-5.986558
Sevici,(41) Plaza Calderón de la Barca,37.399551,-5.990966
Sevici,(42) Plaza Cronista,37.398811,-5.989523
Sevici,(43) Ronda Capuchinos,37.399139,-5.982737
Sevici,(44) Ronda Capuchinos,37.398323,-5.981774
Sevici,(45) Carretera de Carmona,37.39991,-5.977796
Sevici,(46) Plaza del Pelicano,37.39761,-5.984116
Sevici,(47) Calle Hiniesta,37.396458,-5.987466
Sevici,(48) Calle Churruca,37.397221,-5.991182
Sevici,(49) Alameda de Hercules,37.396938,-5.993906
Sevici,(5) Camino de los Descubrimientos,37.411022,-6.001936
Sevici,(50) Calle de Hernán Cortés,37.397572,-5.99669
Sevici,(51) Avenida Torneo,37.395599,-6.002384
Sevici,(52) Calle del Inca Garcilaso,37.394142,-6.010476
Sevici,(53) Calle Reyes Católicos,37.389301,-5.999584
Sevici,(54) Plaza San Juan de la Palma,37.395222,-5.990926
Sevici,(55) Calle de Maria Auxiliadora,37.393433,-5.983788
Sevici,(56) Plaza Ponce de Leon,37.393101,-5.987667
Sevici,(57) Plaza Cristo de Burgos,37.392216,-5.989921
Sevici,(58) Calle Regina,37.39426,-5.991683
Sevici,(59) Avenida de la Palmera,37.371174,-5.989169
Sevici,(6) Camino de los Descubrimientos,37.406677,-6.002848
Sevici,(60) Plaza de la Concordia,37.39389,-5.996835
Sevici,(61) Plaza del Museo,37.392838,-5.999372
Sevici,(62) Plaza de Armas,37.391129,-6.003194
Sevici,(63) Calle San Pablo,37.390331,-5.998184
Sevici,(64) Calle Cuesta del Rosario,37.389816,-5.991134
Sevici,(65) Calle Alhóndiga,37.391354,-5.988126
Sevici,(66) Calle Arroyo,37.393669,-5.981848
Sevici,(67) Calle Leonardo Da Vinci,37.404152,-6.007303
Sevici,(68) Calle Juan Antonio Cabestany,37.390232,-5.979951
Sevici,(69) Calle Jose Laguillo,37.392132,-5.978719
Sevici,(7) Calle Américo Vespucio,37.407516,-6.007413
Sevici,(70) Estación Renfe Santa Justa,37.391315,-5.97621
Sevici,(71) Avenida Kansas City,37.389893,-5.974438
Sevici,(72) Calle Amador de los Rios,37.390732,-5.982777
Sevici,(73) Plaza San Agustin,37.38953,-5.984488
Sevici,(74) Plaza Pilatos,37.389713,-5.986953
Sevici,(75) Plaza San Francisco,37.388126,-5.993839
Sevici,(76) Plaza Nueva,37.388912,-5.995605
Sevici,(77) Plaza Chapina,37.389545,-6.007778
Sevici,(78) Calle Alfareria,37.388588,-6.010287
Sevici,(79) Plaza de las Mercedarias,37.388386,-5.98699
Sevici,(8) Calle Leonardo Da Vinci,37.401035,-6.009403
Sevici,(80) Calle Luis Montoto,37.387627,-5.981026
Sevici,(81) Calle Luis Montoto,37.387157,-5.971005
Sevici,(82) Calle Luis Montoto,37.387093,-5.974814
Sevici,(83) Avenida La Buhaira,37.386997,-5.978032
Sevici,(84) Calle José María Moreno Galván,37.387375,-5.983063
Sevici,(85) Paseo Catalina Ribera,37.385303,-5.986732
Sevici,(86) Camino de los Descubrimientos,37.39706,-6.006276
Sevici,(87) Plaza Nueva,37.388927,-5.995421
Sevici,(88) Calle Americo Vespucio,37.409214,-6.006432
Sevici,(89) Calle Adriano,37.386475,-5.997763
Sevici,(9) Camino de los Descubrimientos,37.402927,-6.004066
Sevici,(90) Calle Roma,37.38121,-5.99354
Sevici,(91) Calle Procurador,37.386932,-6.007643
Sevici,(92) Ronda de Triana,37.385529,-6.011166
Sevici,(93) Ronda de Triana,37.383072,-6.010889
Sevici,(94) Plaza del Zurraque,37.383343,-6.00821
Sevici,(95) Calle Américo Vespucio,37.412148,-6.006387
Sevici,(96) Calle Betis,37.383766,-6.000161
Sevici,(97) Paseo de Cristóbal Colón,37.381561,-5.995531
Sevici,(98) Avenida de Roma,37.381989,-5.993251
Sevici,(99) Calle Américo Vespucio,37.397377,-6.010554
